{
    "tass": {
        "loss": 0.016130450248209725,
        "f1-score": 0.1942594313616281,
        "confusion matrix": [
            [
                1065,
                131,
                1057,
                317,
                1987
            ],
            [
                2647,
                470,
                2546,
                750,
                4874
            ],
            [
                317,
                46,
                325,
                101,
                516
            ],
            [
                187,
                53,
                307,
                160,
                781
            ],
            [
                2538,
                854,
                3230,
                2460,
                11663
            ]
        ]
    },
    "cine": {
        "loss": 0.024333014930646445,
        "f1-score": 0.16951468567488043,
        "confusion matrix": [
            [
                7,
                1,
                10,
                2,
                14
            ],
            [
                8,
                4,
                26,
                5,
                62
            ],
            [
                6,
                2,
                27,
                7,
                78
            ],
            [
                1,
                1,
                13,
                2,
                67
            ],
            [
                3,
                0,
                6,
                1,
                35
            ]
        ]
    },
    "amazon": {
        "loss": 0.011420094323158264,
        "f1-score": 0.455558170023224,
        "confusion matrix": [
            [
                588,
                212,
                133,
                21,
                46
            ],
            [
                193,
                332,
                357,
                60,
                58
            ],
            [
                49,
                187,
                482,
                200,
                82
            ],
            [
                23,
                106,
                223,
                368,
                280
            ],
            [
                24,
                138,
                108,
                234,
                496
            ]
        ]
    }
}