{
    "tass": {
        "loss": 0.015970853791545146,
        "f1-score": 0.1664573064311726,
        "confusion matrix": [
            [
                641,
                380,
                1561,
                906,
                1069
            ],
            [
                1983,
                1045,
                3834,
                1939,
                2486
            ],
            [
                209,
                126,
                466,
                240,
                264
            ],
            [
                209,
                89,
                333,
                256,
                601
            ],
            [
                3068,
                1895,
                4503,
                4243,
                7036
            ]
        ]
    },
    "cine": {
        "loss": 0.029412900049661853,
        "f1-score": 0.14728240183424451,
        "confusion matrix": [
            [
                4,
                1,
                2,
                9,
                18
            ],
            [
                1,
                1,
                15,
                35,
                53
            ],
            [
                1,
                0,
                13,
                45,
                61
            ],
            [
                7,
                0,
                13,
                22,
                42
            ],
            [
                2,
                0,
                6,
                14,
                23
            ]
        ]
    },
    "amazon": {
        "loss": 0.013288704514503478,
        "f1-score": 0.34924181930380527,
        "confusion matrix": [
            [
                376,
                226,
                229,
                100,
                69
            ],
            [
                162,
                217,
                391,
                164,
                66
            ],
            [
                68,
                157,
                449,
                273,
                53
            ],
            [
                25,
                106,
                314,
                412,
                143
            ],
            [
                29,
                154,
                171,
                362,
                284
            ]
        ]
    }
}