{
    "tass": {
        "loss": 0.018548024120861626,
        "f1-score": 0.1745993544127987,
        "confusion matrix": [
            [
                963,
                278,
                1750,
                464,
                1102
            ],
            [
                2545,
                895,
                4487,
                1194,
                2166
            ],
            [
                259,
                83,
                594,
                123,
                246
            ],
            [
                292,
                70,
                384,
                196,
                546
            ],
            [
                4061,
                1552,
                5314,
                2712,
                7106
            ]
        ]
    },
    "cine": {
        "loss": 0.02586864933525164,
        "f1-score": 0.17203172479223067,
        "confusion matrix": [
            [
                3,
                0,
                9,
                3,
                19
            ],
            [
                3,
                3,
                28,
                13,
                58
            ],
            [
                5,
                2,
                26,
                15,
                72
            ],
            [
                1,
                0,
                19,
                13,
                51
            ],
            [
                0,
                0,
                11,
                2,
                32
            ]
        ]
    },
    "amazon": {
        "loss": 0.012531726264953613,
        "f1-score": 0.4017726307184099,
        "confusion matrix": [
            [
                533,
                215,
                194,
                25,
                33
            ],
            [
                193,
                272,
                426,
                70,
                39
            ],
            [
                66,
                204,
                476,
                205,
                49
            ],
            [
                26,
                130,
                316,
                328,
                200
            ],
            [
                39,
                157,
                173,
                255,
                376
            ]
        ]
    }
}