{
    "tass": {
        "loss": 0.01781731640534006,
        "f1-score": 0.1934013514546969,
        "confusion matrix": [
            [
                426,
                216,
                1487,
                603,
                1825
            ],
            [
                1474,
                660,
                3354,
                1287,
                4512
            ],
            [
                133,
                99,
                385,
                186,
                502
            ],
            [
                92,
                83,
                267,
                238,
                808
            ],
            [
                1518,
                1162,
                3568,
                2046,
                12451
            ]
        ]
    },
    "cine": {
        "loss": 0.025734996058277247,
        "f1-score": 0.16781211543900887,
        "confusion matrix": [
            [
                2,
                1,
                8,
                12,
                11
            ],
            [
                4,
                1,
                39,
                38,
                23
            ],
            [
                2,
                3,
                44,
                40,
                31
            ],
            [
                6,
                1,
                32,
                25,
                20
            ],
            [
                5,
                0,
                17,
                11,
                12
            ]
        ]
    },
    "amazon": {
        "loss": 0.016571290707588195,
        "f1-score": 0.2825289298616136,
        "confusion matrix": [
            [
                267,
                161,
                344,
                139,
                89
            ],
            [
                174,
                162,
                417,
                150,
                97
            ],
            [
                139,
                101,
                460,
                185,
                115
            ],
            [
                77,
                82,
                384,
                259,
                198
            ],
            [
                76,
                84,
                285,
                266,
                289
            ]
        ]
    }
}