{
    "tass": {
        "loss": 0.018784401557957815,
        "f1-score": 0.14990818695540825,
        "confusion matrix": [
            [
                1592,
                556,
                1494,
                171,
                744
            ],
            [
                4155,
                1688,
                3506,
                361,
                1577
            ],
            [
                390,
                114,
                534,
                75,
                192
            ],
            [
                401,
                310,
                400,
                52,
                325
            ],
            [
                4561,
                4875,
                6782,
                1034,
                3493
            ]
        ]
    },
    "cine": {
        "loss": 0.025013373070156452,
        "f1-score": 0.1393167349402736,
        "confusion matrix": [
            [
                8,
                0,
                3,
                2,
                21
            ],
            [
                8,
                1,
                13,
                2,
                81
            ],
            [
                9,
                4,
                10,
                3,
                94
            ],
            [
                2,
                1,
                13,
                3,
                65
            ],
            [
                2,
                0,
                0,
                2,
                41
            ]
        ]
    },
    "amazon": {
        "loss": 0.011621763217449189,
        "f1-score": 0.43612256006236627,
        "confusion matrix": [
            [
                652,
                236,
                79,
                12,
                21
            ],
            [
                256,
                370,
                293,
                45,
                36
            ],
            [
                61,
                278,
                417,
                197,
                47
            ],
            [
                24,
                208,
                241,
                355,
                172
            ],
            [
                26,
                244,
                118,
                245,
                367
            ]
        ]
    }
}